,mpg,cylinders,displacement,horsepower,weight,acceleration,model year,Europe,Japan,USA
0,18.0,1.498191258034802,1.090603697954175,0.6641327329009119,0.6308698741675456,-1.2954983442942447,-1.627426292158321,-0.4619682176798977,-0.4976433490174631,0.7735590309066196
1,15.0,1.498191258034802,1.5035143043761154,1.574594473048845,0.8543329711977774,-1.477037792582784,-1.627426292158321,-0.4619682176798977,-0.4976433490174631,0.7735590309066196
2,18.0,1.498191258034802,1.196231992620253,1.1843965844140163,0.5504704530138114,-1.6585772408713233,-1.627426292158321,-0.4619682176798977,-0.4976433490174631,0.7735590309066196
3,16.0,1.498191258034802,1.061795981227063,1.1843965844140163,0.5469234197276172,-1.2954983442942447,-1.627426292158321,-0.4619682176798977,-0.4976433490174631,0.7735590309066196
4,17.0,1.498191258034802,1.0425908367423216,0.9242646586574642,0.5658409305873193,-1.8401166891598624,-1.627426292158321,-0.4619682176798977,-0.4976433490174631,0.7735590309066196
5,15.0,1.498191258034802,2.262117511523401,2.433029828045468,1.620492161015715,-2.0216561374484017,-1.627426292158321,-0.4619682176798977,-0.4976433490174631,0.7735590309066196
6,14.0,1.498191258034802,2.502181817582669,3.0053200647098826,1.635862638589223,-2.3847350340254803,-1.627426292158321,-0.4619682176798977,-0.4976433490174631,0.7735590309066196
7,14.0,1.498191258034802,2.3677458061894785,2.8752541018316062,1.586204172582505,-2.56627448231402,-1.627426292158321,-0.4619682176798977,-0.4976433490174631,0.7735590309066196
8,14.0,1.498191258034802,2.51178438982504,3.135386027588159,1.7198090930291514,-2.0216561374484017,-1.627426292158321,-0.4619682176798977,-0.4976433490174631,0.7735590309066196
9,15.0,1.498191258034802,1.8876171940709436,2.224924287440225,1.0399610465086049,-2.56627448231402,-1.627426292158321,-0.4619682176798977,-0.4976433490174631,0.7735590309066196
10,15.0,1.498191258034802,1.8203991883743489,1.7046604359271211,0.7006281954626973,-2.0216561374484017,-1.627426292158321,-0.4619682176798977,-0.4976433490174631,0.7735590309066196
11,14.0,1.498191258034802,1.4074885819524083,1.4445285101705687,0.755016039184341,-2.747813930602559,-1.627426292158321,-0.4619682176798977,-0.4976433490174631,0.7735590309066196
12,15.0,1.498191258034802,1.9836429164946503,1.1843965844140163,0.9347323923515116,-2.203195585736941,-1.627426292158321,-0.4619682176798977,-0.4976433490174631,0.7735590309066196
13,14.0,1.498191258034802,2.51178438982504,3.135386027588159,0.1366499029578264,-2.0216561374484017,-1.627426292158321,-0.4619682176798977,-0.4976433490174631,0.7735590309066196
14,24.0,-0.8563205709794179,-0.7722953170657413,-0.2463290072470211,-0.7075440191563827,-0.206261654563009,-1.627426292158321,-0.4619682176798977,2.009471244766718,-1.292726165743277
15,22.0,0.3209353435276921,0.0439233235357685,-0.2463290072470211,-0.162483237511214,-0.0247222062744696,-1.627426292158321,-0.4619682176798977,-0.4976433490174631,0.7735590309066196
16,18.0,0.3209353435276921,0.0535258957781392,-0.1943026220957106,-0.2322415588063657,-0.0247222062744696,-1.627426292158321,-0.4619682176798977,-0.4976433490174631,0.7735590309066196
17,21.0,0.3209353435276921,0.0631284680205099,-0.5064609330035734,-0.4533399669791348,0.1568172420140696,-1.627426292158321,-0.4619682176798977,-0.4976433490174631,0.7735590309066196
18,27.0,-0.8563205709794179,-0.9259364729436724,-0.4284213552766077,-0.993671370909378,-0.3878011028515483,-1.627426292158321,-0.4619682176798977,2.009471244766718,-1.292726165743277
19,26.0,-0.8563205709794179,-0.9259364729436724,-1.5209754434541274,-1.3424629773851366,1.790672276610923,-1.627426292158321,2.164651077128664,-0.4976433490174631,-1.292726165743277
20,25.0,-0.8563205709794179,-0.8011030337928534,-0.4544345478522629,-0.352840690536967,0.7014355868796874,-1.627426292158321,2.164651077128664,-0.4976433490174631,-1.292726165743277
21,24.0,-0.8563205709794179,-0.8299107505199654,-0.3763949701252972,-0.6389680422899623,-0.3878011028515483,-1.627426292158321,2.164651077128664,-0.4976433490174631,-1.292726165743277
22,25.0,-0.8563205709794179,-0.8587184672470776,-0.2463290072470211,-0.7039969858701886,0.7014355868796874,-1.627426292158321,2.164651077128664,-0.4976433490174631,-1.292726165743277
23,26.0,-0.8563205709794179,-0.6954747391267756,0.221908459114773,-0.8707075503213139,-1.1139588960057054,-1.627426292158321,2.164651077128664,-0.4976433490174631,-1.292726165743277
24,21.0,0.3209353435276921,0.0535258957781392,-0.3763949701252972,-0.3812169568265203,-0.206261654563009,-1.627426292158321,-0.4619682176798977,-0.4976433490174631,0.7735590309066196
25,10.0,1.498191258034802,1.5995400267998223,2.8752541018316062,1.9444545344881143,-0.5693405511400875,-1.627426292158321,-0.4619682176798977,-0.4976433490174631,0.7735590309066196
26,10.0,1.498191258034802,1.090603697954175,2.485056213196778,1.6618742160213136,-0.206261654563009,-1.627426292158321,-0.4619682176798977,-0.4976433490174631,0.7735590309066196
27,11.0,1.498191258034802,1.196231992620253,2.7451881389533304,1.6689682825937018,-0.7508799994286268,-1.627426292158321,-0.4619682176798977,-0.4976433490174631,0.7735590309066196
28,9.0,1.498191258034802,1.061795981227063,2.3029638651671918,2.082788832649687,1.064514483456766,-1.627426292158321,-0.4619682176798977,-0.4976433490174631,0.7735590309066196
29,27.0,-0.8563205709794179,-0.9259364729436724,-0.4284213552766077,-0.993671370909378,-0.3878011028515483,-1.35664215157345,-0.4619682176798977,2.009471244766718,-1.292726165743277
30,28.0,-0.8563205709794179,-0.5130258665217323,-0.3763949701252972,-0.8352372174593723,-0.0247222062744696,-1.35664215157345,-0.4619682176798977,-0.4976433490174631,0.7735590309066196
31,25.0,-0.8563205709794179,-0.7722953170657413,-0.2463290072470211,-0.8778016168937022,-0.5693405511400875,-1.35664215157345,-0.4619682176798977,2.009471244766718,-1.292726165743277
32,25.0,-0.8563205709794179,-0.9163339007013018,,-1.0929883029228142,1.2460539317453052,-1.35664215157345,-0.4619682176798977,-0.4976433490174631,0.7735590309066196
33,19.0,0.3209353435276921,0.3704107797763724,-0.1162630443687449,-0.3977697788287597,-0.932419447717166,-1.35664215157345,-0.4619682176798977,-0.4976433490174631,0.7735590309066196
34,16.0,0.3209353435276921,0.3031927740797774,0.0138029185095311,0.5540174863000055,-0.0247222062744696,-1.35664215157345,-0.4619682176798977,-0.4976433490174631,0.7735590309066196
35,17.0,0.3209353435276921,0.5432570801390451,-0.1162630443687449,0.4239595991395531,-0.0247222062744696,-1.35664215157345,-0.4619682176798977,-0.4976433490174631,0.7735590309066196
36,19.0,0.3209353435276921,0.5432570801390451,-0.4284213552766077,0.3920362995638057,-0.0247222062744696,-1.35664215157345,-0.4619682176798977,-0.4976433490174631,0.7735590309066196
37,18.0,0.3209353435276921,0.3704107797763724,-0.1162630443687449,0.3754834775615663,-0.0247222062744696,-1.35664215157345,-0.4619682176798977,-0.4976433490174631,0.7735590309066196
38,14.0,1.498191258034802,1.5035143043761154,1.574594473048845,1.464422696423172,-1.2954983442942447,-1.35664215157345,-0.4619682176798977,-0.4976433490174631,0.7735590309066196
39,14.0,1.498191258034802,1.9836429164946503,1.8347263988053968,1.7659205257496755,-1.477037792582784,-1.35664215157345,-0.4619682176798977,-0.4976433490174631,0.7735590309066196
40,14.0,1.498191258034802,1.5131168766184862,1.262436162140982,1.399393752842946,-0.7508799994286268,-1.35664215157345,-0.4619682176798977,-0.4976433490174631,0.7735590309066196
41,14.0,1.498191258034802,1.196231992620253,1.1843965844140163,1.3308177759765256,-0.932419447717166,-1.35664215157345,-0.4619682176798977,-0.4976433490174631,0.7735590309066196
42,12.0,1.498191258034802,1.8203991883743489,1.964792361683673,2.346451640256786,-1.477037792582784,-1.35664215157345,-0.4619682176798977,-0.4976433490174631,0.7735590309066196
43,13.0,1.498191258034802,1.9836429164946503,1.7046604359271211,2.0993416546519263,-1.2954983442942447,-1.35664215157345,-0.4619682176798977,-0.4976433490174631,0.7735590309066196
44,13.0,1.498191258034802,1.9836429164946503,1.8347263988053968,2.565185359572092,-1.2954983442942447,-1.35664215157345,-0.4619682176798977,-0.4976433490174631,0.7735590309066196
45,18.0,0.3209353435276921,0.6200776580780107,0.1438688813878073,-0.0099608062048653,-0.7508799994286268,-1.35664215157345,-0.4619682176798977,-0.4976433490174631,0.7735590309066196
46,22.0,-0.8563205709794179,-0.5130258665217323,-0.8446324364870914,-0.6649796197220528,1.2460539317453052,-1.35664215157345,-0.4619682176798977,-0.4976433490174631,0.7735590309066196
47,19.0,0.3209353435276921,0.5432570801390451,-0.1162630443687449,0.368389410989178,-0.206261654563009,-1.35664215157345,-0.4619682176798977,-0.4976433490174631,0.7735590309066196
48,18.0,0.3209353435276921,0.5432570801390451,-0.4284213552766077,0.1993141576805898,-0.3878011028515483,-1.35664215157345,-0.4619682176798977,-0.4976433490174631,0.7735590309066196
49,23.0,-0.8563205709794179,-0.6858721668844049,-0.4804477404279182,-0.8872603723235533,-0.5693405511400875,-1.35664215157345,-0.4619682176798977,-0.4976433490174631,0.7735590309066196
50,28.0,-0.8563205709794179,-0.7434876003386292,-0.3763949701252972,-1.0019477819104976,-0.5693405511400875,-1.35664215157345,2.164651077128664,-0.4976433490174631,-1.292726165743277
51,30.0,-0.8563205709794179,-1.098782773306345,-0.8966588216384018,-1.0598826589183354,1.4275933800338445,-1.35664215157345,2.164651077128664,-0.4976433490174631,-1.292726165743277
52,30.0,-0.8563205709794179,-1.012359623125009,-0.7405796661844705,-1.070523758776918,-0.3878011028515483,-1.35664215157345,2.164651077128664,-0.4976433490174631,-1.292726165743277
53,31.0,-0.8563205709794179,-1.1756033512453108,-1.026724784516678,-1.4157683319664824,1.2460539317453052,-1.35664215157345,-0.4619682176798977,2.009471244766718,-1.292726165743277
54,35.0,-0.8563205709794179,-1.16600077900294,-0.9226720142140572,-1.604943440563504,0.8829750351682267,-1.35664215157345,-0.4619682176798977,2.009471244766718,-1.292726165743277
55,27.0,-0.8563205709794179,-0.9259364729436724,-1.156790747394954,-1.343645321813868,1.2460539317453052,-1.35664215157345,2.164651077128664,-0.4976433490174631,-1.292726165743277
56,26.0,-0.8563205709794179,-0.9835519063978968,-0.8966588216384018,-1.2005816459373704,1.790672276610923,-1.35664215157345,-0.4619682176798977,-0.4976433490174631,0.7735590309066196
57,24.0,-0.8563205709794179,-0.7722953170657413,-0.2463290072470211,-0.8186843954571329,-0.0247222062744696,-1.0858580109885791,-0.4619682176798977,2.009471244766718,-1.292726165743277
58,25.0,-0.8563205709794179,-0.9211351868224872,-0.6365268958818496,-0.9984007486243036,0.5198961385911481,-1.0858580109885791,-0.4619682176798977,-0.4976433490174631,0.7735590309066196
59,23.0,-0.8563205709794179,-0.9259364729436724,-1.3128699028488855,-0.8470606617466861,2.879908966342159,-1.0858580109885791,2.164651077128664,-0.4976433490174631,-1.292726165743277
60,20.0,-0.8563205709794179,-0.5130258665217323,-0.3763949701252972,-0.6649796197220528,1.4275933800338445,-1.0858580109885791,-0.4619682176798977,-0.4976433490174631,0.7735590309066196
61,21.0,-0.8563205709794179,-0.6858721668844049,-0.4804477404279182,-0.880166305751165,0.3383566903026089,-1.0858580109885791,-0.4619682176798977,-0.4976433490174631,0.7735590309066196
62,13.0,1.498191258034802,1.5035143043761154,1.574594473048845,1.5412750842907124,-1.2954983442942447,-1.0858580109885791,-0.4619682176798977,-0.4976433490174631,0.7735590309066196
63,14.0,1.498191258034802,1.9836429164946503,1.8347263988053968,1.672515315879896,-1.2954983442942447,-1.0858580109885791,-0.4619682176798977,-0.4976433490174631,0.7735590309066196
64,15.0,1.498191258034802,1.196231992620253,1.1843965844140163,1.3769292086970495,-0.7508799994286268,-1.0858580109885791,-0.4619682176798977,-0.4976433490174631,0.7735590309066196
65,14.0,1.498191258034802,1.5131168766184862,1.262436162140982,1.3698351421246613,-0.932419447717166,-1.0858580109885791,-0.4619682176798977,-0.4976433490174631,0.7735590309066196
66,17.0,1.498191258034802,1.061795981227063,1.1843965844140163,0.8295037381944182,-1.477037792582784,-1.0858580109885791,-0.4619682176798977,-0.4976433490174631,0.7735590309066196
67,11.0,1.498191258034802,2.262117511523401,2.69316175380202,1.96573673420528,-1.6585772408713233,-1.0858580109885791,-0.4619682176798977,-0.4976433490174631,0.7735590309066196
68,13.0,1.498191258034802,1.5035143043761154,1.3144625472922926,1.810849614041468,-0.7508799994286268,-1.0858580109885791,-0.4619682176798977,-0.4976433490174631,0.7735590309066196
69,12.0,1.498191258034802,1.5035143043761154,1.4445285101705687,1.7564617703198244,-0.7508799994286268,-1.0858580109885791,-0.4619682176798977,-0.4976433490174631,0.7735590309066196
70,13.0,1.498191258034802,1.9836429164946503,2.224924287440225,1.7162620597429572,-1.1139588960057054,-1.0858580109885791,-0.4619682176798977,-0.4976433490174631,0.7735590309066196
71,19.0,-1.4449485282329728,-1.1852059234876815,-0.1943026220957106,-0.7572024851631008,-0.7508799994286268,-1.0858580109885791,-0.4619682176798977,2.009471244766718,-1.292726165743277
72,15.0,1.498191258034802,1.061795981227063,1.1843965844140163,1.089619512515323,-1.1139588960057054,-1.0858580109885791,-0.4619682176798977,-0.4976433490174631,0.7735590309066196
73,13.0,1.498191258034802,1.090603697954175,0.6641327329009119,1.3331824648339885,-0.5693405511400875,-1.0858580109885791,-0.4619682176798977,-0.4976433490174631,0.7735590309066196
74,13.0,1.498191258034802,1.0425908367423216,0.9242646586574642,1.5649219728653398,0.1568172420140696,-1.0858580109885791,-0.4619682176798977,-0.4976433490174631,0.7735590309066196
75,14.0,1.498191258034802,1.196231992620253,1.1843965844140163,1.3083532318306292,-0.5693405511400875,-1.0858580109885791,-0.4619682176798977,-0.4976433490174631,0.7735590309066196
76,18.0,-0.8563205709794179,-0.6954747391267756,0.1958952665391177,-0.0442487946380754,-0.3878011028515483,-1.0858580109885791,2.164651077128664,-0.4976433490174631,-1.292726165743277
77,22.0,-0.8563205709794179,-0.6954747391267756,-0.7405796661844705,-0.5431981435627201,0.8829750351682267,-1.0858580109885791,2.164651077128664,-0.4976433490174631,-1.292726165743277
78,21.0,-0.8563205709794179,-0.7050773113691463,-0.4544345478522629,0.0101390490835682,1.4275933800338445,-1.0858580109885791,2.164651077128664,-0.4976433490174631,-1.292726165743277
79,26.0,-0.8563205709794179,-0.9355390451860432,-0.9226720142140572,-0.9239130496142262,0.8829750351682267,-1.0858580109885791,2.164651077128664,-0.4976433490174631,-1.292726165743277
80,22.0,-0.8563205709794179,-0.6858721668844049,-0.4804477404279182,-0.6803500972955608,0.1568172420140696,-1.0858580109885791,-0.4619682176798977,-0.4976433490174631,0.7735590309066196
81,28.0,-0.8563205709794179,-0.9259364729436724,-0.3243685849739868,-0.806860951169819,0.5198961385911481,-1.0858580109885791,-0.4619682176798977,2.009471244766718,-1.292726165743277
82,23.0,-0.8563205709794179,-0.7050773113691463,-0.1943026220957106,-0.549109865706377,-0.3878011028515483,-1.0858580109885791,-0.4619682176798977,2.009471244766718,-1.292726165743277
83,28.0,-0.8563205709794179,-0.9163339007013018,-0.6365268958818496,-0.9534716603325109,-0.206261654563009,-1.0858580109885791,-0.4619682176798977,-0.4976433490174631,0.7735590309066196
84,27.0,-0.8563205709794179,-0.9259364729436724,-0.4284213552766077,-1.0291417037713195,0.3383566903026089,-1.0858580109885791,-0.4619682176798977,2.009471244766718,-1.292726165743277
85,13.0,1.498191258034802,1.5035143043761154,1.8347263988053968,1.3355471536914512,-0.932419447717166,-0.8150738704037085,-0.4619682176798977,-0.4976433490174631,0.7735590309066196
86,14.0,1.498191258034802,1.061795981227063,1.1843965844140163,0.8295037381944182,-1.477037792582784,-0.8150738704037085,-0.4619682176798977,-0.4976433490174631,0.7735590309066196
87,13.0,1.498191258034802,1.5035143043761154,1.0543306215357404,1.203124577673536,-0.932419447717166,-0.8150738704037085,-0.4619682176798977,-0.4976433490174631,0.7735590309066196
88,14.0,1.498191258034802,1.0425908367423216,0.8462250809304985,1.266971176825031,-0.3878011028515483,-0.8150738704037085,-0.4619682176798977,-0.4976433490174631,0.7735590309066196
89,15.0,1.498191258034802,1.196231992620253,1.1843965844140163,0.9536499032112138,-1.1139588960057054,-0.8150738704037085,-0.4619682176798977,-0.4976433490174631,0.7735590309066196
90,12.0,1.498191258034802,2.262117511523401,2.433029828045468,2.3429046069705914,-1.477037792582784,-0.8150738704037085,-0.4619682176798977,-0.4976433490174631,0.7735590309066196
91,13.0,1.498191258034802,1.9836429164946503,1.1843965844140163,1.7659205257496755,-1.2954983442942447,-0.8150738704037085,-0.4619682176798977,-0.4976433490174631,0.7735590309066196
92,13.0,1.498191258034802,1.5131168766184862,1.3925021250192584,1.6465037384478056,-0.932419447717166,-0.8150738704037085,-0.4619682176798977,-0.4976433490174631,0.7735590309066196
93,14.0,1.498191258034802,1.196231992620253,1.1843965844140163,1.497528340427651,-0.3878011028515483,-0.8150738704037085,-0.4619682176798977,-0.4976433490174631,0.7735590309066196
94,13.0,1.498191258034802,2.3677458061894785,2.8752541018316062,2.086335865935881,-1.6585772408713233,-0.8150738704037085,-0.4619682176798977,-0.4976433490174631,0.7735590309066196
95,12.0,1.498191258034802,2.51178438982504,3.135386027588159,2.34172226254186,-1.6585772408713233,-0.8150738704037085,-0.4619682176798977,-0.4976433490174631,0.7735590309066196
96,13.0,1.498191258034802,1.5995400267998223,1.8347263988053968,1.0056730580753948,-1.6585772408713233,-0.8150738704037085,-0.4619682176798977,-0.4976433490174631,0.7735590309066196
97,18.0,0.3209353435276921,0.3031927740797774,0.0138029185095311,0.1780319579634249,0.3383566903026089,-0.8150738704037085,-0.4619682176798977,-0.4976433490174631,0.7735590309066196
98,16.0,0.3209353435276921,0.5432570801390451,-0.1162630443687449,0.3636600332742524,0.8829750351682267,-0.8150738704037085,-0.4619682176798977,-0.4976433490174631,0.7735590309066196
99,18.0,0.3209353435276921,0.3704107797763724,-0.1162630443687449,-0.0300606614932988,0.1568172420140696,-0.8150738704037085,-0.4619682176798977,-0.4976433490174631,0.7735590309066196
100,18.0,0.3209353435276921,0.5432570801390451,-0.4284213552766077,0.0597975150902864,0.3383566903026089,-0.8150738704037085,-0.4619682176798977,-0.4976433490174631,0.7735590309066196
101,23.0,0.3209353435276921,0.0439233235357685,-0.2463290072470211,-0.0785367830712856,0.1568172420140696,-0.8150738704037085,-0.4619682176798977,-0.4976433490174631,0.7735590309066196
102,26.0,-0.8563205709794179,-0.9259364729436724,-1.5209754434541274,-1.2064933680810273,1.9722117248994624,-0.8150738704037085,2.164651077128664,-0.4976433490174631,-1.292726165743277
103,11.0,1.498191258034802,1.9836429164946503,1.1843965844140163,2.396110106263504,-0.5693405511400875,-0.8150738704037085,-0.4619682176798977,-0.4976433490174631,0.7735590309066196
104,12.0,1.498191258034802,1.9836429164946503,1.6266208582001551,2.288516763248948,-1.1139588960057054,-0.8150738704037085,-0.4619682176798977,-0.4976433490174631,0.7735590309066196
105,13.0,1.498191258034802,1.5995400267998223,1.7046604359271211,1.9905659672086389,-0.932419447717166,-0.8150738704037085,-0.4619682176798977,-0.4976433490174631,0.7735590309066196
106,12.0,1.498191258034802,1.5035143043761154,1.964792361683673,1.807302580755274,-1.1139588960057054,-0.8150738704037085,-0.4619682176798977,-0.4976433490174631,0.7735590309066196
107,18.0,0.3209353435276921,0.3704107797763724,-0.1162630443687449,-0.2145063923753949,-0.206261654563009,-0.8150738704037085,-0.4619682176798977,-0.4976433490174631,0.7735590309066196
108,20.0,-0.8563205709794179,-0.9259364729436724,-0.4284213552766077,-0.8175020510284015,1.2460539317453052,-0.8150738704037085,-0.4619682176798977,2.009471244766718,-1.292726165743277
109,21.0,-0.8563205709794179,-0.5130258665217323,-0.8446324364870914,-0.6732560307231725,1.4275933800338445,-0.8150738704037085,-0.4619682176798977,-0.4976433490174631,0.7735590309066196
110,22.0,-0.8563205709794179,-0.8203081782775948,-0.2723421998226764,-0.699267608155263,0.3383566903026089,-0.8150738704037085,-0.4619682176798977,2.009471244766718,-1.292726165743277
111,18.0,-1.4449485282329728,-1.1852059234876815,-0.3763949701252972,-1.0007654374817665,-0.7508799994286268,-0.8150738704037085,-0.4619682176798977,2.009471244766718,-1.292726165743277
112,19.0,-0.8563205709794179,-0.6858721668844049,-0.5064609330035734,-0.7808493737377286,1.064514483456766,-0.8150738704037085,-0.4619682176798977,-0.4976433490174631,0.7735590309066196
113,21.0,0.3209353435276921,-0.3689872828861717,0.0658293036608416,-0.5893095762832441,-0.5693405511400875,-0.8150738704037085,-0.4619682176798977,-0.4976433490174631,0.7735590309066196
114,26.0,-0.8563205709794179,-0.9163339007013018,-0.3763949701252972,-0.8340548730306409,-0.0247222062744696,-0.8150738704037085,2.164651077128664,-0.4976433490174631,-1.292726165743277
115,15.0,1.498191258034802,1.5035143043761154,1.0543306215357404,1.3142649539742863,-0.932419447717166,-0.8150738704037085,-0.4619682176798977,-0.4976433490174631,0.7735590309066196
116,16.0,1.498191258034802,1.9836429164946503,3.2654519904664348,1.546004462005638,-2.203195585736941,-0.8150738704037085,-0.4619682176798977,-0.4976433490174631,0.7735590309066196
117,29.0,-0.8563205709794179,-1.204411067972423,-1.4429358657271618,-1.3046279556657323,1.4275933800338445,-0.8150738704037085,2.164651077128664,-0.4976433490174631,-1.292726165743277
118,24.0,-0.8563205709794179,-0.7434876003386292,-0.7665928587601257,-0.9605657269048992,-0.0247222062744696,-0.8150738704037085,2.164651077128664,-0.4976433490174631,-1.292726165743277
119,20.0,-0.8563205709794179,-0.7626927448233706,-0.350381777549642,-0.4592516891227917,-0.5693405511400875,-0.8150738704037085,2.164651077128664,-0.4976433490174631,-1.292726165743277
120,19.0,-0.8563205709794179,-0.6954747391267756,0.1958952665391177,-0.1211011825056155,-0.0247222062744696,-0.8150738704037085,2.164651077128664,-0.4976433490174631,-1.292726165743277
121,15.0,1.498191258034802,1.196231992620253,1.1843965844140163,0.50672370915075,-1.6585772408713233,-0.8150738704037085,-0.4619682176798977,-0.4976433490174631,0.7735590309066196
122,24.0,-0.8563205709794179,-0.6954747391267756,0.1438688813878073,-0.3670288236817436,-0.5693405511400875,-0.8150738704037085,2.164651077128664,-0.4976433490174631,-1.292726165743277
123,20.0,0.3209353435276921,-0.359384710643801,0.45602719229567,-0.19322419265823,-0.7508799994286268,-0.8150738704037085,-0.4619682176798977,2.009471244766718,-1.292726165743277
124,11.0,1.498191258034802,1.5035143043761154,1.964792361683673,0.8200449827645672,-1.6585772408713233,-0.8150738704037085,-0.4619682176798977,-0.4976433490174631,0.7735590309066196
125,20.0,0.3209353435276921,0.0439233235357685,-0.2463290072470211,0.1555674138175286,0.3383566903026089,-0.5442897298188376,-0.4619682176798977,-0.4976433490174631,0.7735590309066196
126,21.0,0.3209353435276921,0.0631284680205099,,-0.1128247715044958,0.5198961385911481,-0.5442897298188376,-0.4619682176798977,-0.4976433490174631,0.7735590309066196
127,19.0,0.3209353435276921,0.3704107797763724,-0.1162630443687449,-0.0820838163574798,0.1568172420140696,-0.5442897298188376,-0.4619682176798977,-0.4976433490174631,0.7735590309066196
128,15.0,0.3209353435276921,0.5432570801390451,-0.1162630443687449,0.4322360101406728,0.5198961385911481,-0.5442897298188376,-0.4619682176798977,-0.4976433490174631,0.7735590309066196
129,31.0,-0.8563205709794179,-1.098782773306345,-0.9746983993653676,-1.2064933680810273,1.2460539317453052,-0.5442897298188376,-0.4619682176798977,2.009471244766718,-1.292726165743277
130,26.0,-0.8563205709794179,-0.6858721668844049,-0.6365268958818496,-0.6141388092866032,0.3383566903026089,-0.5442897298188376,-0.4619682176798977,-0.4976433490174631,0.7735590309066196
131,32.0,-0.8563205709794179,-1.1756033512453108,-1.026724784516678,-1.341280632956405,1.9722117248994624,-0.5442897298188376,-0.4619682176798977,2.009471244766718,-1.292726165743277
132,25.0,-0.8563205709794179,-0.5130258665217323,-0.7665928587601257,-0.5065454662720471,0.5198961385911481,-0.5442897298188376,-0.4619682176798977,-0.4976433490174631,0.7735590309066196
133,16.0,0.3209353435276921,0.5432570801390451,-0.1162630443687449,0.9583792809261392,0.5198961385911481,-0.5442897298188376,-0.4619682176798977,-0.4976433490174631,0.7735590309066196
134,16.0,0.3209353435276921,0.6200776580780107,0.1438688813878073,0.7822099610451628,0.8829750351682267,-0.5442897298188376,-0.4619682176798977,-0.4976433490174631,0.7735590309066196
135,18.0,0.3209353435276921,0.3031927740797774,0.0138029185095311,0.7597454168992666,0.3383566903026089,-0.5442897298188376,-0.4619682176798977,-0.4976433490174631,0.7735590309066196
136,16.0,1.498191258034802,1.0425908367423216,0.9242646586574642,1.384023275269438,-0.5693405511400875,-0.5442897298188376,-0.4619682176798977,-0.4976433490174631,0.7735590309066196
137,13.0,1.498191258034802,1.5035143043761154,1.1843965844140163,2.043771466501551,-0.3878011028515483,-0.5442897298188376,-0.4619682176798977,-0.4976433490174631,0.7735590309066196
138,14.0,1.498191258034802,1.196231992620253,1.1843965844140163,1.7576441147485558,-0.7508799994286268,-0.5442897298188376,-0.4619682176798977,-0.4976433490174631,0.7735590309066196
139,14.0,1.498191258034802,1.0425908367423216,0.9242646586574642,1.9716484563489365,0.1568172420140696,-0.5442897298188376,-0.4619682176798977,-0.4976433490174631,0.7735590309066196
140,14.0,1.498191258034802,1.061795981227063,1.1843965844140163,1.5211752290022786,-0.0247222062744696,-0.5442897298188376,-0.4619682176798977,-0.4976433490174631,0.7735590309066196
141,29.0,-0.8563205709794179,-0.9163339007013018,-0.5584873181548838,-0.8884427167522846,0.3383566903026089,-0.5442897298188376,2.164651077128664,-0.4976433490174631,-1.292726165743277
142,26.0,-0.8563205709794179,-1.098782773306345,-0.9746983993653676,-1.1911228905075193,-0.0247222062744696,-0.5442897298188376,2.164651077128664,-0.4976433490174631,-1.292726165743277
143,26.0,-0.8563205709794179,-0.9259364729436724,-0.68855328103316,-0.7926728180250424,-0.3878011028515483,-0.5442897298188376,2.164651077128664,-0.4976433490174631,-1.292726165743277
144,31.0,-0.8563205709794179,-1.1275904900334572,-1.364896288000196,-1.5623790411291745,0.3383566903026089,-0.5442897298188376,-0.4619682176798977,2.009471244766718,-1.292726165743277
145,32.0,-0.8563205709794179,-1.0603724843368625,-1.1307775548192989,-1.143829113358264,1.2460539317453052,-0.5442897298188376,-0.4619682176798977,2.009471244766718,-1.292726165743277
146,28.0,-0.8563205709794179,-0.9931544786402674,-0.7665928587601257,-0.9995830930530348,-0.3878011028515483,-0.5442897298188376,-0.4619682176798977,-0.4976433490174631,0.7735590309066196
147,24.0,-0.8563205709794179,-0.9931544786402674,-0.7665928587601257,-1.0196829483414684,-0.0247222062744696,-0.5442897298188376,2.164651077128664,-0.4976433490174631,-1.292726165743277
148,26.0,-0.8563205709794179,-0.7434876003386292,-0.7665928587601257,-0.8565194171765372,-0.5693405511400875,-0.5442897298188376,2.164651077128664,-0.4976433490174631,-1.292726165743277
149,24.0,-0.8563205709794179,-0.7050773113691463,-0.1943026220957106,-0.5692097209948106,-0.206261654563009,-0.5442897298188376,-0.4619682176798977,2.009471244766718,-1.292726165743277
150,26.0,-0.8563205709794179,-0.8203081782775948,-0.2983553923983316,-0.6850794750104864,-0.0247222062744696,-0.5442897298188376,-0.4619682176798977,2.009471244766718,-1.292726165743277
151,31.0,-0.8563205709794179,-1.098782773306345,-0.9746983993653676,-1.147376146644458,0.1568172420140696,-0.5442897298188376,2.164651077128664,-0.4976433490174631,-1.292726165743277
152,19.0,0.3209353435276921,0.3031927740797774,-0.2463290072470211,0.347107211272013,0.1568172420140696,-0.2735055892339668,-0.4619682176798977,-0.4976433490174631,0.7735590309066196
153,18.0,0.3209353435276921,0.5432570801390451,0.0138029185095311,0.5776643748746332,0.1568172420140696,-0.2735055892339668,-0.4619682176798977,-0.4976433490174631,0.7735590309066196
154,15.0,0.3209353435276921,0.5432570801390451,-0.8446324364870914,0.5457410752988858,1.9722117248994624,-0.2735055892339668,-0.4619682176798977,-0.4976433490174631,0.7735590309066196
155,15.0,0.3209353435276921,0.5432570801390451,-0.8446324364870914,0.2217787018264862,1.4275933800338445,-0.2735055892339668,-0.4619682176798977,-0.4976433490174631,0.7735590309066196
156,16.0,1.498191258034802,1.9836429164946503,1.7046604359271211,2.007118789210878,-1.477037792582784,-0.2735055892339668,-0.4619682176798977,-0.4976433490174631,0.7735590309066196
157,15.0,1.498191258034802,1.5035143043761154,1.0543306215357404,1.7375442594601225,-0.5693405511400875,-0.2735055892339668,-0.4619682176798977,-0.4976433490174631,0.7735590309066196
158,16.0,1.498191258034802,1.196231992620253,1.1843965844140163,1.8061202363265425,-0.3878011028515483,-0.2735055892339668,-0.4619682176798977,-0.4976433490174631,0.7735590309066196
159,14.0,1.498191258034802,1.5131168766184862,1.132370199262706,1.9941130004948329,-0.7508799994286268,-0.2735055892339668,-0.4619682176798977,-0.4976433490174631,0.7735590309066196
160,17.0,0.3209353435276921,0.3608082075340017,0.1438688813878073,1.1073546789462938,1.9722117248994624,-0.2735055892339668,-0.4619682176798977,-0.4976433490174631,0.7735590309066196
161,16.0,0.3209353435276921,0.5432570801390451,0.0138029185095311,1.09553123465898,1.064514483456766,-0.2735055892339668,-0.4619682176798977,-0.4976433490174631,0.7735590309066196
162,15.0,0.3209353435276921,0.6200776580780107,0.1438688813878073,0.8980797150608386,1.2460539317453052,-0.2735055892339668,-0.4619682176798977,-0.4976433490174631,0.7735590309066196
163,18.0,0.3209353435276921,0.3031927740797774,-0.2463290072470211,0.9631086586410648,1.2460539317453052,-0.2735055892339668,-0.4619682176798977,-0.4976433490174631,0.7735590309066196
164,21.0,0.3209353435276921,0.3608082075340017,0.1438688813878073,0.0810797148074513,-0.206261654563009,-0.2735055892339668,-0.4619682176798977,-0.4976433490174631,0.7735590309066196
165,20.0,1.498191258034802,0.6584879470474935,0.1438688813878073,0.2962664008365634,-0.7508799994286268,-0.2735055892339668,-0.4619682176798977,-0.4976433490174631,0.7735590309066196
166,13.0,1.498191258034802,1.0425908367423216,0.6381195403252566,0.2347844905425314,-1.2954983442942447,-0.2735055892339668,-0.4619682176798977,-0.4976433490174631,0.7735590309066196
167,29.0,-0.8563205709794179,-0.9259364729436724,-0.7665928587601257,-0.9451952493313912,0.1568172420140696,-0.2735055892339668,-0.4619682176798977,2.009471244766718,-1.292726165743277
168,23.0,-0.8563205709794179,-0.5130258665217323,-0.5584873181548838,-0.3918580566851027,0.5198961385911481,-0.2735055892339668,-0.4619682176798977,-0.4976433490174631,0.7735590309066196
169,20.0,0.3209353435276921,0.3704107797763724,-0.1162630443687449,-0.0667133387839718,0.1568172420140696,-0.2735055892339668,-0.4619682176798977,-0.4976433490174631,0.7735590309066196
170,23.0,-0.8563205709794179,-0.5130258665217323,-0.68855328103316,-0.4474282448354779,1.064514483456766,-0.2735055892339668,-0.4619682176798977,-0.4976433490174631,0.7735590309066196
171,24.0,-0.8563205709794179,-0.5706412999759565,-0.2203158146713659,-0.3173703576750255,-0.7508799994286268,-0.2735055892339668,-0.4619682176798977,2.009471244766718,-1.292726165743277
172,25.0,-0.8563205709794179,-0.9931544786402674,-0.8706456290627467,-0.883713339037359,0.3383566903026089,-0.2735055892339668,2.164651077128664,-0.4976433490174631,-1.292726165743277
173,24.0,-0.8563205709794179,-0.714679883611517,-0.1943026220957106,-0.502998432985853,0.5198961385911481,-0.2735055892339668,-0.4619682176798977,2.009471244766718,-1.292726165743277
174,18.0,0.3209353435276921,-0.2153461270082405,-0.1943026220957106,0.0160507712272251,-0.3878011028515483,-0.2735055892339668,-0.4619682176798977,-0.4976433490174631,0.7735590309066196
175,29.0,-0.8563205709794179,-0.9931544786402674,-0.8966588216384018,-1.2218638456545352,-0.5693405511400875,-0.2735055892339668,2.164651077128664,-0.4976433490174631,-1.292726165743277
176,19.0,0.3209353435276921,0.3704107797763724,-0.3763949701252972,0.2844429565492496,0.5198961385911481,-0.2735055892339668,-0.4619682176798977,-0.4976433490174631,0.7735590309066196
177,23.0,-0.8563205709794179,-0.7530901725809999,-0.2463290072470211,-0.3268291131048765,-0.206261654563009,-0.2735055892339668,2.164651077128664,-0.4976433490174631,-1.292726165743277
178,23.0,-0.8563205709794179,-0.7050773113691463,-0.4284213552766077,-0.0158725283485222,0.5198961385911481,-0.2735055892339668,2.164651077128664,-0.4976433490174631,-1.292726165743277
179,22.0,-0.8563205709794179,-0.6954747391267756,-0.1682894295200554,-0.0300606614932988,-0.3878011028515483,-0.2735055892339668,2.164651077128664,-0.4976433490174631,-1.292726165743277
180,25.0,-0.8563205709794179,-0.6954747391267756,0.2739348442660834,-0.3540230349656984,-0.7508799994286268,-0.2735055892339668,2.164651077128664,-0.4976433490174631,-1.292726165743277
181,33.0,-0.8563205709794179,-0.9835519063978968,-1.3388830954245408,-1.389756754534392,0.7014355868796874,-0.2735055892339668,-0.4619682176798977,2.009471244766718,-1.292726165743277
182,28.0,-0.8563205709794179,-0.8299107505199654,-0.4804477404279182,-0.5987683317130952,-0.0247222062744696,-0.002721448649096,2.164651077128664,-0.4976433490174631,-1.292726165743277
183,25.0,-0.8563205709794179,-0.7434876003386292,-0.6105137033061944,-0.8872603723235533,0.4835882489334397,-0.002721448649096,2.164651077128664,-0.4976433490174631,-1.292726165743277
184,25.0,-0.8563205709794179,-0.5130258665217323,-0.3243685849739868,-0.4710751334101056,-0.2425695442207167,-0.002721448649096,-0.4619682176798977,-0.4976433490174631,0.7735590309066196
185,26.0,-0.8563205709794179,-0.9163339007013018,-0.6625400884575048,-0.8458783173179547,0.774051366195103,-0.002721448649096,-0.4619682176798977,-0.4976433490174631,0.7735590309066196
186,27.0,-0.8563205709794179,-0.8875261839741897,-0.5584873181548838,-0.9085425720407182,-0.0973379855898851,-0.002721448649096,2.164651077128664,-0.4976433490174631,-1.292726165743277
187,17.5,1.498191258034802,1.0713985534694337,0.9242646586574642,1.4715167629955606,-0.932419447717166,-0.002721448649096,-0.4619682176798977,-0.4976433490174631,0.7735590309066196
188,16.0,1.498191258034802,1.196231992620253,1.1843965844140163,1.441958152277276,-0.932419447717166,-0.002721448649096,-0.4619682176798977,-0.4976433490174631,0.7735590309066196
189,15.5,1.498191258034802,1.061795981227063,0.4040008071443596,1.17238362252652,-0.6056484407977952,-0.002721448649096,-0.4619682176798977,-0.4976433490174631,0.7735590309066196
190,14.5,1.498191258034802,1.5131168766184862,1.236422969565327,1.4715167629955606,-1.0050352270325815,-0.002721448649096,-0.4619682176798977,-0.4976433490174631,0.7735590309066196
191,22.0,0.3209353435276921,0.3031927740797774,-0.1162630443687449,0.3104545339813401,-0.0610300959321774,-0.002721448649096,-0.4619682176798977,-0.4976433490174631,0.7735590309066196
192,22.0,0.3209353435276921,0.5432570801390451,0.0138029185095311,0.4523358654291063,-0.3878011028515483,-0.002721448649096,-0.4619682176798977,-0.4976433490174631,0.7735590309066196
193,24.0,0.3209353435276921,0.0631284680205099,-0.6105137033061944,0.0491564152317039,0.7377434765373958,-0.002721448649096,-0.4619682176798977,-0.4976433490174631,0.7735590309066196
194,22.5,0.3209353435276921,0.3704107797763724,-0.3763949701252972,0.1354675585290951,0.7377434765373958,-0.002721448649096,-0.4619682176798977,-0.4976433490174631,0.7735590309066196
195,29.0,-0.8563205709794179,-1.0411673398521208,-1.364896288000196,-1.1059940916388595,2.4079064007919566,-0.002721448649096,-0.4619682176798977,-0.4976433490174631,0.7735590309066196
196,24.5,-0.8563205709794179,-0.9163339007013018,-1.156790747394954,-0.9534716603325109,2.371598511134249,-0.002721448649096,-0.4619682176798977,-0.4976433490174631,0.7735590309066196
197,29.0,-0.8563205709794179,-0.9931544786402674,-0.8966588216384018,-1.2218638456545352,-0.4967247718246721,-0.002721448649096,2.164651077128664,-0.4976433490174631,-1.292726165743277
198,33.0,-0.8563205709794179,-0.9835519063978968,-1.3388830954245408,-1.389756754534392,0.6651276972219791,-0.002721448649096,-0.4619682176798977,2.009471244766718,-1.292726165743277
199,20.0,0.3209353435276921,0.3031927740797774,-0.1162630443687449,0.8046745051910592,0.774051366195103,-0.002721448649096,-0.4619682176798977,-0.4976433490174631,0.7735590309066196
200,18.0,0.3209353435276921,0.5432570801390451,-0.68855328103316,0.7136339841787425,1.9722117248994624,-0.002721448649096,-0.4619682176798977,-0.4976433490174631,0.7735590309066196
201,18.5,0.3209353435276921,0.5432570801390451,0.1438688813878073,0.7975804386186709,0.229433021329485,-0.002721448649096,-0.4619682176798977,-0.4976433490174631,0.7735590309066196
202,17.5,0.3209353435276921,0.6200776580780107,-0.2463290072470211,0.2631607568320847,0.8103592558528113,-0.002721448649096,-0.4619682176798977,-0.4976433490174631,0.7735590309066196
203,29.5,-0.8563205709794179,-0.9259364729436724,-0.8706456290627467,-1.3542864216724504,-1.2228825649788293,-0.002721448649096,2.164651077128664,-0.4976433490174631,-1.292726165743277
204,32.0,-0.8563205709794179,-1.0411673398521208,-0.8966588216384018,-1.1591995909317718,0.5198961385911481,-0.002721448649096,-0.4619682176798977,2.009471244766718,-1.292726165743277
205,28.0,-0.8563205709794179,-0.9259364729436724,-0.7665928587601257,-0.9641127601910932,0.3020488006449005,-0.002721448649096,-0.4619682176798977,2.009471244766718,-1.292726165743277
206,26.5,-0.8563205709794179,-0.5130258665217323,-0.8446324364870914,-0.4793515444112253,-0.7145721097709191,-0.002721448649096,-0.4619682176798977,-0.4976433490174631,0.7735590309066196
207,20.0,-0.8563205709794179,-0.6090515889454393,-0.0642366592174345,0.2123199463966351,0.0478935730409457,-0.002721448649096,2.164651077128664,-0.4976433490174631,-1.292726165743277
208,13.0,1.498191258034802,1.196231992620253,1.1843965844140163,1.1463720450944297,-0.8598036684017507,-0.002721448649096,-0.4619682176798977,-0.4976433490174631,0.7735590309066196
209,19.0,-0.8563205709794179,-0.7050773113691463,-0.4284213552766077,0.3542012778444013,2.2989827318188327,-0.002721448649096,2.164651077128664,-0.4976433490174631,-1.292726165743277
210,19.0,0.3209353435276921,-0.359384710643801,0.0918424962364968,-0.0477958279242696,-0.0247222062744696,-0.002721448649096,-0.4619682176798977,2.009471244766718,-1.292726165743277
211,16.5,0.3209353435276921,-0.2441538437353526,0.4040008071443596,1.0044907136466632,0.4109724696180243,-0.002721448649096,2.164651077128664,-0.4976433490174631,-1.292726165743277
212,16.5,1.498191258034802,1.5035143043761154,1.964792361683673,1.6666035937362391,-1.259190454636537,-0.002721448649096,-0.4619682176798977,-0.4976433490174631,0.7735590309066196
213,13.0,1.498191258034802,1.5035143043761154,1.0543306215357404,1.2823416543985389,-1.2954983442942447,-0.002721448649096,-0.4619682176798977,-0.4976433490174631,0.7735590309066196
214,13.0,1.498191258034802,1.0425908367423216,0.6641327329009119,1.0636079350832326,-0.206261654563009,-0.002721448649096,-0.4619682176798977,-0.4976433490174631,0.7735590309066196
215,13.0,1.498191258034802,1.196231992620253,1.1843965844140163,0.9276383257791232,-0.5693405511400875,-0.002721448649096,-0.4619682176798977,-0.4976433490174631,0.7735590309066196
216,31.5,-0.8563205709794179,-0.9163339007013018,-0.9486852067897124,-1.0941706473515456,1.064514483456766,0.2680626919357747,-0.4619682176798977,2.009471244766718,-1.292726165743277
217,30.0,-0.8563205709794179,-0.7915004615504827,-0.6365268958818496,-0.9641127601910932,-0.2788774338784244,0.2680626919357747,-0.4619682176798977,-0.4976433490174631,0.7735590309066196
218,36.0,-0.8563205709794179,-1.098782773306345,-1.2088171325462649,-1.3542864216724504,1.1008223731144744,0.2680626919357747,2.164651077128664,-0.4976433490174631,-1.292726165743277
219,25.5,-0.8563205709794179,-0.6858721668844049,-0.2203158146713659,-0.7926728180250424,-0.0247222062744696,0.2680626919357747,-0.4619682176798977,-0.4976433490174631,0.7735590309066196
220,33.5,-0.8563205709794179,-1.0411673398521208,-0.8966588216384018,-1.212405090224684,0.4472803592757327,0.2680626919357747,-0.4619682176798977,2.009471244766718,-1.292726165743277
221,17.5,1.498191258034802,1.0713985534694337,1.0543306215357404,1.0754313793705463,-1.1139588960057054,0.2680626919357747,-0.4619682176798977,-0.4976433490174631,0.7735590309066196
222,17.0,1.498191258034802,0.639282802562752,0.1438688813878073,1.2882533765421955,1.2460539317453052,0.2680626919357747,-0.4619682176798977,-0.4976433490174631,0.7735590309066196
223,15.5,1.498191258034802,1.196231992620253,1.0543306215357404,1.3828409308407066,-0.6782642201132114,0.2680626919357747,-0.4619682176798977,-0.4976433490174631,0.7735590309066196
224,15.0,1.498191258034802,1.0425908367423216,0.6641327329009119,1.5661043172940714,-0.2425695442207167,0.2680626919357747,-0.4619682176798977,-0.4976433490174631,0.7735590309066196
225,17.5,0.3209353435276921,0.5432570801390451,0.1438688813878073,0.6497873850272478,0.3020488006449005,0.2680626919357747,-0.4619682176798977,-0.4976433490174631,0.7735590309066196
226,20.5,0.3209353435276921,0.3608082075340017,0.0138029185095311,0.5374646642977661,0.4835882489334397,0.2680626919357747,-0.4619682176798977,-0.4976433490174631,0.7735590309066196
227,19.0,0.3209353435276921,0.3031927740797774,-0.1162630443687449,0.7798452721877001,0.774051366195103,0.2680626919357747,-0.4619682176798977,-0.4976433490174631,0.7735590309066196
228,18.5,0.3209353435276921,0.5432570801390451,-0.1682894295200554,0.6556991071709046,1.2460539317453052,0.2680626919357747,-0.4619682176798977,-0.4976433490174631,0.7735590309066196
229,16.0,1.498191258034802,1.9836429164946503,1.964792361683673,1.4774284851392174,-1.6222693512136157,0.2680626919357747,-0.4619682176798977,-0.4976433490174631,0.7735590309066196
230,15.5,1.498191258034802,1.5035143043761154,1.7046604359271211,1.4123995415589912,-1.5133456822404916,0.2680626919357747,-0.4619682176798977,-0.4976433490174631,0.7735590309066196
231,15.5,1.498191258034802,1.9836429164946503,2.224924287440225,1.6015746501560129,-1.2228825649788293,0.2680626919357747,-0.4619682176798977,-0.4976433490174631,0.7735590309066196
232,16.0,1.498191258034802,1.5131168766184862,1.1583833918383613,1.6133980944433268,-0.3878011028515483,0.2680626919357747,-0.4619682176798977,-0.4976433490174631,0.7735590309066196
233,29.0,-0.8563205709794179,-0.9259364729436724,-0.68855328103316,-1.2183168123683412,-0.3878011028515483,0.2680626919357747,2.164651077128664,-0.4976433490174631,-1.292726165743277
234,24.5,-0.8563205709794179,-0.4073975718556545,-0.4284213552766077,-0.2724412693832329,0.1568172420140696,0.2680626919357747,-0.4619682176798977,-0.4976433490174631,0.7735590309066196
235,26.0,-0.8563205709794179,-0.9259364729436724,-0.7665928587601257,-0.8340548730306409,0.955590814483642,0.2680626919357747,-0.4619682176798977,2.009471244766718,-1.292726165743277
236,25.5,-0.8563205709794179,-0.5130258665217323,-0.4024081627009525,-0.2547061029522621,0.0842014626986541,0.2680626919357747,-0.4619682176798977,-0.4976433490174631,0.7735590309066196
237,30.5,-0.8563205709794179,-0.9163339007013018,-1.0787511696679886,-1.0870765807791574,0.5198961385911481,0.2680626919357747,-0.4619682176798977,-0.4976433490174631,0.7735590309066196
238,33.5,-0.8563205709794179,-0.9163339007013018,-0.5584873181548838,-1.058700314489604,0.1205093523563618,0.2680626919357747,-0.4619682176798977,-0.4976433490174631,0.7735590309066196
239,30.0,-0.8563205709794179,-0.9259364729436724,-0.9746983993653676,-1.1651113130754287,0.3020488006449005,0.2680626919357747,-0.4619682176798977,2.009471244766718,-1.292726165743277
240,30.5,-0.8563205709794179,-0.9259364729436724,-0.68855328103316,-0.9227307051854948,-0.5330326614823798,0.2680626919357747,2.164651077128664,-0.4976433490174631,-1.292726165743277
241,22.0,0.3209353435276921,-0.455410433067508,-0.1943026220957106,-0.1837654372283789,-0.3878011028515483,0.2680626919357747,-0.4619682176798977,2.009471244766718,-1.292726165743277
242,21.5,-0.8563205709794179,-0.6954747391267756,0.1438688813878073,-0.4379694894056268,-1.0050352270325815,0.2680626919357747,2.164651077128664,-0.4976433490174631,-1.292726165743277
243,21.5,-1.4449485282329728,-1.0891802010639744,0.1438688813878073,-0.2960881579578606,-0.7508799994286268,0.2680626919357747,-0.4619682176798977,2.009471244766718,-1.292726165743277
244,43.1,-0.8563205709794179,-0.9931544786402674,-1.4689490583028169,-1.1651113130754287,2.153751173188002,0.5388468325206456,2.164651077128664,-0.4976433490174631,-1.292726165743277
245,36.1,-0.8563205709794179,-0.9163339007013018,-1.0007115919410228,-1.383845032390735,-0.424108992509256,0.5388468325206456,-0.4619682176798977,-0.4976433490174631,0.7735590309066196
246,32.8,-0.8563205709794179,-1.1083853455487158,-1.364896288000196,-1.1651113130754287,1.3912854903761362,0.5388468325206456,-0.4619682176798977,2.009471244766718,-1.292726165743277
247,39.4,-0.8563205709794179,-1.0411673398521208,-0.8966588216384018,-1.064612036633261,1.1008223731144744,0.5388468325206456,-0.4619682176798977,2.009471244766718,-1.292726165743277
248,36.1,-0.8563205709794179,-0.9835519063978968,-1.156790747394954,-1.383845032390735,0.3020488006449005,0.5388468325206456,-0.4619682176798977,2.009471244766718,-1.292726165743277
249,19.9,1.498191258034802,0.639282802562752,0.1438688813878073,0.466523998573883,-0.0247222062744696,0.5388468325206456,-0.4619682176798977,-0.4976433490174631,0.7735590309066196
250,19.4,1.498191258034802,1.196231992620253,0.9242646586574642,0.9039914372044956,-0.8598036684017507,0.5388468325206456,-0.4619682176798977,-0.4976433490174631,0.7735590309066196
251,20.2,1.498191258034802,1.0425908367423216,0.898251466081809,0.7089046064638169,-1.0050352270325815,0.5388468325206456,-0.4619682176798977,-0.4976433490174631,0.7735590309066196
252,19.2,0.3209353435276921,0.3608082075340017,0.0138029185095311,0.6675225514582185,1.3186697110607208,0.5388468325206456,-0.4619682176798977,-0.4976433490174631,0.7735590309066196
253,20.5,0.3209353435276921,0.0631284680205099,-0.2463290072470211,0.218231668540292,0.955590814483642,0.5388468325206456,-0.4619682176798977,-0.4976433490174631,0.7735590309066196
254,20.2,0.3209353435276921,0.0631284680205099,-0.5064609330035734,-0.0064137729186711,0.0842014626986541,0.5388468325206456,-0.4619682176798977,-0.4976433490174631,0.7735590309066196
255,25.1,-0.8563205709794179,-0.5130258665217323,-0.4284213552766077,-0.2960881579578606,-0.0610300959321774,0.5388468325206456,-0.4619682176798977,-0.4976433490174631,0.7735590309066196
256,20.5,0.3209353435276921,0.3031927740797774,-0.1162630443687449,0.543376386441423,0.5925119179065637,0.5388468325206456,-0.4619682176798977,-0.4976433490174631,0.7735590309066196
257,19.4,0.3209353435276921,0.3704107797763724,-0.3763949701252972,0.2832606121205182,0.5925119179065637,0.5388468325206456,-0.4619682176798977,-0.4976433490174631,0.7735590309066196
258,20.6,0.3209353435276921,0.3608082075340017,0.0138029185095311,0.4842591650048538,0.0842014626986541,0.5388468325206456,-0.4619682176798977,-0.4976433490174631,0.7735590309066196
259,20.8,0.3209353435276921,0.0631284680205099,-0.5064609330035734,0.1177323920981243,0.4109724696180243,0.5388468325206456,-0.4619682176798977,-0.4976433490174631,0.7735590309066196
260,18.6,0.3209353435276921,0.3031927740797774,0.1438688813878073,0.7680218279003862,1.1371302627721815,0.5388468325206456,-0.4619682176798977,-0.4976433490174631,0.7735590309066196
261,18.1,0.3209353435276921,0.6200776580780107,0.4040008071443596,0.5197294978667953,-0.1699537649053012,0.5388468325206456,-0.4619682176798977,-0.4976433490174631,0.7735590309066196
262,19.2,1.498191258034802,1.0713985534694337,1.0543306215357404,0.5374646642977661,-0.8598036684017507,0.5388468325206456,-0.4619682176798977,-0.4976433490174631,0.7735590309066196
263,17.7,0.3209353435276921,0.3608082075340017,1.574594473048845,0.5611115528723938,-0.7871878890863345,0.5388468325206456,-0.4619682176798977,-0.4976433490174631,0.7735590309066196
264,18.1,1.498191258034802,1.0425908367423216,0.898251466081809,0.2773488899768613,-1.585961461555908,0.5388468325206456,-0.4619682176798977,-0.4976433490174631,0.7735590309066196
265,17.5,1.498191258034802,1.196231992620253,0.9242646586574642,1.3119002651168234,-0.6782642201132114,0.5388468325206456,-0.4619682176798977,-0.4976433490174631,0.7735590309066196
266,30.0,-0.8563205709794179,-0.9163339007013018,-0.9486852067897124,-0.9641127601910932,0.3383566903026089,0.5388468325206456,-0.4619682176798977,-0.4976433490174631,0.7735590309066196
267,27.5,-0.8563205709794179,-0.5706412999759565,-0.2463290072470211,-0.4852632665548822,-0.4967247718246721,0.5388468325206456,-0.4619682176798977,2.009471244766718,-1.292726165743277
268,27.2,-0.8563205709794179,-0.714679883611517,-0.1943026220957106,-0.7926728180250424,-0.3151853235361328,0.5388468325206456,-0.4619682176798977,2.009471244766718,-1.292726165743277
269,30.9,-0.8563205709794179,-0.8491158950047069,-0.7665928587601257,-0.8754369280362394,-0.3878011028515483,0.5388468325206456,-0.4619682176798977,-0.4976433490174631,0.7735590309066196
270,21.1,-0.8563205709794179,-0.5706412999759565,-0.2463290072470211,-0.5384687658477946,-0.2788774338784244,0.5388468325206456,-0.4619682176798977,2.009471244766718,-1.292726165743277
271,23.2,-0.8563205709794179,-0.359384710643801,0.0138029185095311,-0.2665295472395759,0.4109724696180243,0.5388468325206456,-0.4619682176798977,-0.4976433490174631,0.7735590309066196
272,23.8,-0.8563205709794179,-0.4073975718556545,-0.5064609330035734,-0.1364716600791235,0.7377434765373958,0.5388468325206456,-0.4619682176798977,-0.4976433490174631,0.7735590309066196
273,23.9,-0.8563205709794179,-0.714679883611517,-0.1943026220957106,-0.668526653008247,-0.2425695442207167,0.5388468325206456,-0.4619682176798977,2.009471244766718,-1.292726165743277
274,20.3,-0.2676926137258629,-0.5994490167030686,-0.0382234666417792,-0.1660302707974081,0.1205093523563618,0.5388468325206456,2.164651077128664,-0.4976433490174631,-1.292726165743277
275,17.0,0.3209353435276921,-0.2921667049472061,0.5340667700226358,0.2004965021093212,-0.7145721097709191,0.5388468325206456,2.164651077128664,-0.4976433490174631,-1.292726165743277
276,21.6,-0.8563205709794179,-0.6954747391267756,0.2739348442660834,-0.2074123258030066,0.0478935730409457,0.5388468325206456,2.164651077128664,-0.4976433490174631,-1.292726165743277
277,16.2,0.3209353435276921,-0.2921667049472061,0.7421723106278776,0.5197294978667953,0.0842014626986541,0.5388468325206456,2.164651077128664,-0.4976433490174631,-1.292726165743277
278,31.5,-0.8563205709794179,-1.0027570508826382,-0.8706456290627467,-1.1591995909317718,-0.2425695442207167,0.5388468325206456,2.164651077128664,-0.4976433490174631,-1.292726165743277
279,29.5,-0.8563205709794179,-0.9163339007013018,-0.9486852067897124,-0.987759648765721,0.3746645799603172,0.5388468325206456,-0.4619682176798977,2.009471244766718,-1.292726165743277
280,21.5,0.3209353435276921,0.3608082075340017,0.2739348442660834,0.3246426671261167,-0.0610300959321774,0.8096309731055163,-0.4619682176798977,-0.4976433490174631,0.7735590309066196
281,19.8,0.3209353435276921,0.0631284680205099,-0.5064609330035734,0.0231448377996134,0.955590814483642,0.8096309731055163,-0.4619682176798977,-0.4976433490174631,0.7735590309066196
282,22.3,-0.8563205709794179,-0.5130258665217323,-0.4284213552766077,-0.095089605073525,0.628819807564272,0.8096309731055163,-0.4619682176798977,-0.4976433490174631,0.7735590309066196
283,20.2,0.3209353435276921,0.3704107797763724,-0.3763949701252972,0.3482895557007444,0.955590814483642,0.8096309731055163,-0.4619682176798977,-0.4976433490174631,0.7735590309066196
284,20.6,0.3209353435276921,0.3031927740797774,0.1438688813878073,0.460612276430226,0.3746645799603172,0.8096309731055163,-0.4619682176798977,-0.4976433490174631,0.7735590309066196
285,17.0,1.498191258034802,1.0713985534694337,0.6641327329009119,1.028137602221291,-0.0610300959321774,0.8096309731055163,-0.4619682176798977,-0.4976433490174631,0.7735590309066196
286,17.6,1.498191258034802,1.0425908367423216,0.6381195403252566,0.8921679929171817,-0.7871878890863345,0.8096309731055163,-0.4619682176798977,-0.4976433490174631,0.7735590309066196
287,16.5,1.498191258034802,1.5131168766184862,0.8722382735061538,1.1641072115254003,-0.8598036684017507,0.8096309731055163,-0.4619682176798977,-0.4976433490174631,0.7735590309066196
288,18.2,1.498191258034802,1.196231992620253,0.7941986957791881,1.0163141579339772,-0.1336458752475935,0.8096309731055163,-0.4619682176798977,-0.4976433490174631,0.7735590309066196
289,16.9,1.498191258034802,1.5035143043761154,1.3144625472922926,1.6429567051616114,-0.2425695442207167,0.8096309731055163,-0.4619682176798977,-0.4976433490174631,0.7735590309066196
290,15.5,1.498191258034802,1.5131168766184862,0.9762910438087746,1.2811593099698075,-0.4604168821669637,0.8096309731055163,-0.4619682176798977,-0.4976433490174631,0.7735590309066196
291,19.2,1.498191258034802,0.706500808259347,0.5340667700226358,0.7502866614694155,-0.206261654563009,0.8096309731055163,-0.4619682176798977,-0.4976433490174631,0.7735590309066196
292,18.5,1.498191258034802,1.5995400267998223,1.1843965844140163,1.1463720450944297,-0.932419447717166,0.8096309731055163,-0.4619682176798977,-0.4976433490174631,0.7735590309066196
293,31.9,-0.8563205709794179,-1.0027570508826382,-0.8706456290627467,-1.2360519787993118,-0.5693405511400875,0.8096309731055163,2.164651077128664,-0.4976433490174631,-1.292726165743277
294,34.1,-0.8563205709794179,-1.0315647676097504,-1.026724784516678,-1.176934757362743,-0.1336458752475935,0.8096309731055163,-0.4619682176798977,2.009471244766718,-1.292726165743277
295,35.7,-0.8563205709794179,-0.9163339007013018,-0.6365268958818496,-1.2478754230866258,-0.424108992509256,0.8096309731055163,-0.4619682176798977,-0.4976433490174631,0.7735590309066196
296,27.4,-0.8563205709794179,-0.6954747391267756,-0.6365268958818496,-0.3552053793944298,-0.206261654563009,0.8096309731055163,-0.4619682176798977,-0.4976433490174631,0.7735590309066196
297,25.4,-0.2676926137258629,-0.100115260099792,-0.7145664736088153,0.6616108293145616,1.6454407179800925,0.8096309731055163,2.164651077128664,-0.4976433490174631,-1.292726165743277
298,23.0,1.498191258034802,1.5035143043761154,0.5340667700226358,1.099078267945174,0.6651276972219791,0.8096309731055163,-0.4619682176798977,-0.4976433490174631,0.7735590309066196
299,27.2,-0.8563205709794179,-0.5034232942793616,-0.8706456290627467,0.2596137235458905,3.351911531892361,0.8096309731055163,2.164651077128664,-0.4976433490174631,-1.292726165743277
300,23.9,1.498191258034802,0.639282802562752,-0.3763949701252972,0.5315529421541092,2.4079064007919566,0.8096309731055163,-0.4619682176798977,-0.4976433490174631,0.7735590309066196
301,34.2,-0.8563205709794179,-0.8491158950047069,-0.8966588216384018,-0.910907260898181,-0.8598036684017507,0.8096309731055163,-0.4619682176798977,-0.4976433490174631,0.7735590309066196
302,34.5,-0.8563205709794179,-0.8491158950047069,-0.8966588216384018,-0.9700244823347502,-0.2425695442207167,0.8096309731055163,-0.4619682176798977,-0.4976433490174631,0.7735590309066196
303,31.8,-0.8563205709794179,-1.0411673398521208,-1.026724784516678,-1.1237292580698304,1.3186697110607208,0.8096309731055163,-0.4619682176798977,2.009471244766718,-1.292726165743277
304,37.3,-0.8563205709794179,-0.9835519063978968,-0.9226720142140572,-0.993671370909378,-0.3151853235361328,0.8096309731055163,2.164651077128664,-0.4976433490174631,-1.292726165743277
305,28.4,-0.8563205709794179,-0.4073975718556545,-0.3763949701252972,-0.3552053793944298,0.1568172420140696,0.8096309731055163,-0.4619682176798977,-0.4976433490174631,0.7735590309066196
306,28.8,0.3209353435276921,-0.196140982523499,0.2739348442660834,-0.4438812115492837,-1.5496535718981994,0.8096309731055163,-0.4619682176798977,-0.4976433490174631,0.7735590309066196
307,26.8,0.3209353435276921,-0.196140982523499,0.2739348442660834,-0.3197350465324883,-0.9687273373748738,0.8096309731055163,-0.4619682176798977,-0.4976433490174631,0.7735590309066196
308,33.5,-0.8563205709794179,-0.4073975718556545,-0.3763949701252972,-0.4899926442698077,-0.8598036684017507,0.8096309731055163,-0.4619682176798977,-0.4976433490174631,0.7735590309066196
309,41.5,-0.8563205709794179,-0.9163339007013018,-0.7405796661844705,-0.9771185489071386,-0.3151853235361328,1.0804151136903872,2.164651077128664,-0.4976433490174631,-1.292726165743277
310,38.1,-0.8563205709794179,-1.0027570508826382,-1.156790747394954,-1.1852111683638624,1.1734381524298898,1.0804151136903872,-0.4619682176798977,2.009471244766718,-1.292726165743277
311,32.1,-0.8563205709794179,-0.9163339007013018,-0.8966588216384018,-1.0054948151966918,-0.0247222062744696,1.0804151136903872,-0.4619682176798977,-0.4976433490174631,0.7735590309066196
312,37.2,-0.8563205709794179,-1.0315647676097504,-1.026724784516678,-1.1249116024985617,0.3020488006449005,1.0804151136903872,-0.4619682176798977,2.009471244766718,-1.292726165743277
313,28.0,-0.8563205709794179,-0.4073975718556545,-0.3763949701252972,-0.3457466239645787,0.3383566903026089,1.0804151136903872,-0.4619682176798977,-0.4976433490174631,0.7735590309066196
314,26.4,-0.8563205709794179,-0.5130258665217323,-0.4284213552766077,-0.1187364936481527,0.9192829248259352,1.0804151136903872,-0.4619682176798977,-0.4976433490174631,0.7735590309066196
315,24.3,-0.8563205709794179,-0.4073975718556545,-0.3763949701252972,0.0385153153731214,1.6454407179800925,1.0804151136903872,-0.4619682176798977,-0.4976433490174631,0.7735590309066196
316,19.1,0.3209353435276921,0.3031927740797774,-0.3763949701252972,0.4854415094335851,1.1371302627721815,1.0804151136903872,-0.4619682176798977,-0.4976433490174631,0.7735590309066196
317,34.3,-0.8563205709794179,-0.9259364729436724,-0.68855328103316,-0.9250953940429576,0.0842014626986541,1.0804151136903872,2.164651077128664,-0.4976433490174631,-1.292726165743277
318,29.8,-0.8563205709794179,-0.5706412999759565,-0.3763949701252972,-0.306729257816443,-0.0247222062744696,1.0804151136903872,-0.4619682176798977,2.009471244766718,-1.292726165743277
319,31.3,-0.8563205709794179,-0.7050773113691463,-0.7665928587601257,-0.5065454662720471,0.7014355868796874,1.0804151136903872,-0.4619682176798977,2.009471244766718,-1.292726165743277
320,37.0,-0.8563205709794179,-0.714679883611517,-0.3243685849739868,-0.6342386645750367,-0.206261654563009,1.0804151136903872,-0.4619682176798977,2.009471244766718,-1.292726165743277
321,32.2,-0.8563205709794179,-0.8203081782775948,-0.7665928587601257,-0.8340548730306409,-0.1336458752475935,1.0804151136903872,-0.4619682176798977,2.009471244766718,-1.292726165743277
322,46.6,-0.8563205709794179,-1.0315647676097504,-1.026724784516678,-1.0173182594840056,0.8466671455105184,1.0804151136903872,-0.4619682176798977,2.009471244766718,-1.292726165743277
323,27.9,-0.8563205709794179,-0.359384710643801,0.0138029185095311,-0.2015006036593497,-0.424108992509256,1.0804151136903872,-0.4619682176798977,-0.4976433490174631,0.7735590309066196
324,40.8,-0.8563205709794179,-1.0411673398521208,-1.026724784516678,-1.0173182594840056,1.3186697110607208,1.0804151136903872,-0.4619682176798977,2.009471244766718,-1.292726165743277
325,44.3,-0.8563205709794179,-0.9931544786402674,-1.4689490583028169,-1.04687687020229,2.226366952503417,1.0804151136903872,2.164651077128664,-0.4976433490174631,-1.292726165743277
326,43.4,-0.8563205709794179,-0.9931544786402674,-1.4689490583028169,-0.751290763019444,2.9525247456575743,1.0804151136903872,2.164651077128664,-0.4976433490174631,-1.292726165743277
327,36.4,-0.2676926137258629,-0.6954747391267756,-0.9746983993653676,-0.0241489393496419,1.5728249386646755,1.0804151136903872,2.164651077128664,-0.4976433490174631,-1.292726165743277
328,30.0,-0.8563205709794179,-0.455410433067508,-0.9746983993653676,0.3305543892697736,2.2626748421611254,1.0804151136903872,2.164651077128664,-0.4976433490174631,-1.292726165743277
329,44.6,-0.8563205709794179,-0.9835519063978968,-0.9746983993653676,-1.3247278109541658,-0.641956330455503,1.0804151136903872,-0.4619682176798977,2.009471244766718,-1.292726165743277
330,40.9,-0.8563205709794179,-1.0411673398521208,,-1.3424629773851366,0.628819807564272,1.0804151136903872,2.164651077128664,-0.4976433490174631,-1.292726165743277
331,33.8,-0.8563205709794179,-0.9259364729436724,-0.9746983993653676,-0.9759362044784072,0.8829750351682267,1.0804151136903872,-0.4619682176798977,2.009471244766718,-1.292726165743277
332,29.8,-0.8563205709794179,-1.0027570508826382,-1.1047643622436438,-1.330639533097823,-0.0973379855898851,1.0804151136903872,2.164651077128664,-0.4976433490174631,-1.292726165743277
333,32.7,0.3209353435276921,-0.2441538437353526,0.7161591180522223,-0.0714427164988973,-1.5133456822404916,1.0804151136903872,-0.4619682176798977,2.009471244766718,-1.292726165743277
334,23.7,-1.4449485282329728,-1.1852059234876815,-0.1162630443687449,-0.6507914865772761,-1.1139588960057054,1.0804151136903872,-0.4619682176798977,2.009471244766718,-1.292726165743277
335,35.0,-0.8563205709794179,-0.6858721668844049,-0.4284213552766077,-0.5562039322787653,-0.1699537649053012,1.0804151136903872,2.164651077128664,-0.4976433490174631,-1.292726165743277
336,23.6,-0.8563205709794179,-0.5130258665217323,,-0.0773544386425542,-0.4604168821669637,1.0804151136903872,-0.4619682176798977,-0.4976433490174631,0.7735590309066196
337,32.4,-0.8563205709794179,-0.8299107505199654,-0.8446324364870914,-0.8044962623123563,0.5198961385911481,1.0804151136903872,-0.4619682176798977,2.009471244766718,-1.292726165743277
338,27.2,-0.8563205709794179,-0.5610387277335858,-0.5324741255792287,-0.5680273765660792,0.0478935730409457,1.351199254275258,-0.4619682176798977,-0.4976433490174631,0.7735590309066196
339,26.6,-0.8563205709794179,-0.4073975718556545,-0.5324741255792287,-0.3965874344000283,0.3020488006449005,1.351199254275258,-0.4619682176798977,-0.4976433490174631,0.7735590309066196
340,25.8,-0.8563205709794179,-0.359384710643801,-0.3243685849739868,-0.4143226008309991,-0.424108992509256,1.351199254275258,-0.4619682176798977,-0.4976433490174631,0.7735590309066196
341,23.5,0.3209353435276921,-0.196140982523499,0.1438688813878073,-0.2901764358142036,-1.0776510063479976,1.351199254275258,-0.4619682176798977,-0.4976433490174631,0.7735590309066196
342,30.0,-0.8563205709794179,-0.5610387277335858,-0.5324741255792287,-0.6921735415828747,-0.9687273373748738,1.351199254275258,-0.4619682176798977,-0.4976433490174631,0.7735590309066196
343,39.1,-0.8563205709794179,-1.098782773306345,-1.2088171325462649,-1.4370505316836475,0.4835882489334397,1.351199254275258,-0.4619682176798977,2.009471244766718,-1.292726165743277
344,39.0,-0.8563205709794179,-1.0315647676097504,-1.0527379770923333,-1.2951692002358812,0.3020488006449005,1.351199254275258,-0.4619682176798977,-0.4976433490174631,0.7735590309066196
345,35.1,-0.8563205709794179,-1.0795776288216037,-1.156790747394954,-1.4311388095399904,0.1931251316717779,1.351199254275258,-0.4619682176798977,2.009471244766718,-1.292726165743277
346,32.3,-0.8563205709794179,-0.9259364729436724,-0.9746983993653676,-1.070523758776918,0.8103592558528113,1.351199254275258,-0.4619682176798977,2.009471244766718,-1.292726165743277
347,37.0,-0.8563205709794179,-1.0411673398521208,-1.026724784516678,-1.176934757362743,1.3912854903761362,1.351199254275258,-0.4619682176798977,2.009471244766718,-1.292726165743277
348,37.7,-0.8563205709794179,-1.0027570508826382,-1.1047643622436438,-1.0882589252078887,0.628819807564272,1.351199254275258,-0.4619682176798977,2.009471244766718,-1.292726165743277
349,34.1,-0.8563205709794179,-0.9835519063978968,-0.9486852067897124,-1.1651113130754287,0.1568172420140696,1.351199254275258,-0.4619682176798977,2.009471244766718,-1.292726165743277
350,34.7,-0.8563205709794179,-0.8491158950047069,-1.0787511696679886,-0.8931720944672101,-0.2425695442207167,1.351199254275258,-0.4619682176798977,-0.4976433490174631,0.7735590309066196
351,34.4,-0.8563205709794179,-0.9163339007013018,-1.026724784516678,-1.0941706473515456,0.229433021329485,1.351199254275258,-0.4619682176798977,-0.4976433490174631,0.7735590309066196
352,29.9,-0.8563205709794179,-0.9163339007013018,-1.026724784516678,-0.6980852637265316,1.8632880559263387,1.351199254275258,-0.4619682176798977,-0.4976433490174631,0.7735590309066196
353,33.0,-0.8563205709794179,-0.8491158950047069,-0.792606051335781,-0.9227307051854948,-0.4967247718246721,1.351199254275258,2.164651077128664,-0.4976433490174631,-1.292726165743277
354,34.5,-0.8563205709794179,-0.8971287562165604,,-0.7690259294504147,0.0842014626986541,1.351199254275258,2.164651077128664,-0.4976433490174631,-1.292726165743277
355,33.7,-0.8563205709794179,-0.8299107505199654,-0.7665928587601257,-0.8990838166108671,-0.424108992509256,1.351199254275258,-0.4619682176798977,2.009471244766718,-1.292726165743277
356,32.4,-0.8563205709794179,-0.8203081782775948,-0.7665928587601257,-0.7335555965884731,0.4472803592757327,1.351199254275258,-0.4619682176798977,2.009471244766718,-1.292726165743277
357,32.9,-0.8563205709794179,-0.714679883611517,-0.1162630443687449,-0.420234322974656,-0.2788774338784244,1.351199254275258,-0.4619682176798977,2.009471244766718,-1.292726165743277
358,31.6,-0.8563205709794179,-0.7050773113691463,-0.792606051335781,-0.3965874344000283,0.9918987041413506,1.351199254275258,-0.4619682176798977,2.009471244766718,-1.292726165743277
359,28.1,-0.8563205709794179,-0.5034232942793616,-0.6365268958818496,0.3069075006951459,1.7543643869532148,1.351199254275258,2.164651077128664,-0.4976433490174631,-1.292726165743277
360,30.7,0.3209353435276921,-0.4650130053098787,-0.7405796661844705,0.2241433906839489,1.463901269691553,1.351199254275258,2.164651077128664,-0.4976433490174631,-1.292726165743277
361,25.4,0.3209353435276921,-0.2441538437353526,0.2999480368417387,-0.0832661607862112,-1.0776510063479976,1.351199254275258,-0.4619682176798977,2.009471244766718,-1.292726165743277
362,24.2,0.3209353435276921,-0.455410433067508,0.4040008071443596,-0.0477958279242696,-0.641956330455503,1.351199254275258,-0.4619682176798977,2.009471244766718,-1.292726165743277
363,22.4,0.3209353435276921,0.3608082075340017,0.1438688813878073,0.5256412200104522,0.0842014626986541,1.351199254275258,-0.4619682176798977,-0.4976433490174631,0.7735590309066196
364,26.6,1.498191258034802,1.5035143043761154,0.0138029185095311,0.8921679929171817,1.2460539317453052,1.351199254275258,-0.4619682176798977,-0.4976433490174631,0.7735590309066196
365,20.2,0.3209353435276921,0.0631284680205099,-0.4284213552766077,0.1059089478108104,0.5562040282488565,1.351199254275258,-0.4619682176798977,-0.4976433490174631,0.7735590309066196
366,17.6,0.3209353435276921,0.3031927740797774,-0.5064609330035734,0.5847584414470215,0.3746645799603172,1.351199254275258,-0.4619682176798977,-0.4976433490174631,0.7735590309066196
367,28.0,-0.8563205709794179,-0.781897889308112,-0.4284213552766077,-0.4320577672619698,1.463901269691553,1.6219833948601288,-0.4619682176798977,-0.4976433490174631,0.7735590309066196
368,27.0,-0.8563205709794179,-0.781897889308112,-0.4284213552766077,-0.3906757122563714,1.1008223731144744,1.6219833948601288,-0.4619682176798977,-0.4976433490174631,0.7735590309066196
369,34.0,-0.8563205709794179,-0.781897889308112,-0.4284213552766077,-0.6803500972955608,0.8829750351682267,1.6219833948601288,-0.4619682176798977,-0.4976433490174631,0.7735590309066196
370,31.0,-0.8563205709794179,-0.781897889308112,-0.5064609330035734,-0.4675281001239114,0.229433021329485,1.6219833948601288,-0.4619682176798977,-0.4976433490174631,0.7735590309066196
371,29.0,-0.8563205709794179,-0.5610387277335858,-0.5324741255792287,-0.5266453215604807,0.1568172420140696,1.6219833948601288,-0.4619682176798977,-0.4976433490174631,0.7735590309066196
372,27.0,-0.8563205709794179,-0.4073975718556545,-0.3763949701252972,-0.2783529915268898,0.8829750351682267,1.6219833948601288,-0.4619682176798977,-0.4976433490174631,0.7735590309066196
373,24.0,-0.8563205709794179,-0.5130258665217323,-0.3243685849739868,-0.1246482157918097,0.3020488006449005,1.6219833948601288,-0.4619682176798977,-0.4976433490174631,0.7735590309066196
374,23.0,-0.8563205709794179,-0.4073975718556545,,0.0763503370925258,1.790672276610923,1.6219833948601288,-0.4619682176798977,-0.4976433490174631,0.7735590309066196
375,36.0,-0.8563205709794179,-0.8491158950047069,-0.792606051335781,-1.1710230352190858,-0.0973379855898851,1.6219833948601288,2.164651077128664,-0.4976433490174631,-1.292726165743277
376,37.0,-0.8563205709794179,-0.9835519063978968,-0.9486852067897124,-1.1178175359261733,0.955590814483642,1.6219833948601288,-0.4619682176798977,2.009471244766718,-1.292726165743277
377,31.0,-0.8563205709794179,-0.9835519063978968,-0.9486852067897124,-1.1828464795063995,0.7377434765373958,1.6219833948601288,-0.4619682176798977,2.009471244766718,-1.292726165743277
378,38.0,-0.8563205709794179,-0.8491158950047069,-1.0787511696679886,-0.9995830930530348,-0.3151853235361328,1.6219833948601288,-0.4619682176798977,-0.4976433490174631,0.7735590309066196
379,36.0,-0.8563205709794179,-0.9163339007013018,-0.8966588216384018,-0.9995830930530348,0.628819807564272,1.6219833948601288,-0.4619682176798977,-0.4976433490174631,0.7735590309066196
380,36.0,-0.8563205709794179,-0.7050773113691463,-0.4284213552766077,-0.9582010380474364,-0.3878011028515483,1.6219833948601288,-0.4619682176798977,2.009471244766718,-1.292726165743277
381,36.0,-0.8563205709794179,-0.8299107505199654,-0.7665928587601257,-0.904995538754524,-0.3878011028515483,1.6219833948601288,-0.4619682176798977,2.009471244766718,-1.292726165743277
382,34.0,-0.8563205709794179,-0.8203081782775948,-0.8966588216384018,-0.8577017616052686,0.4835882489334397,1.6219833948601288,-0.4619682176798977,2.009471244766718,-1.292726165743277
383,38.0,-0.8563205709794179,-0.9835519063978968,-0.9746983993653676,-1.1887582016500564,-0.206261654563009,1.6219833948601288,-0.4619682176798977,2.009471244766718,-1.292726165743277
384,32.0,-0.8563205709794179,-0.9835519063978968,-0.9746983993653676,-1.1887582016500564,0.0478935730409457,1.6219833948601288,-0.4619682176798977,2.009471244766718,-1.292726165743277
385,38.0,-0.8563205709794179,-0.9835519063978968,-0.9746983993653676,-1.153287868788115,0.229433021329485,1.6219833948601288,-0.4619682176798977,2.009471244766718,-1.292726165743277
386,25.0,0.3209353435276921,-0.1193204045845334,0.1438688813878073,-0.0300606614932988,0.3020488006449005,1.6219833948601288,-0.4619682176798977,-0.4976433490174631,0.7735590309066196
387,38.0,0.3209353435276921,0.6584879470474935,-0.5064609330035734,0.0527034485178981,0.5198961385911481,1.6219833948601288,-0.4619682176798977,-0.4976433490174631,0.7735590309066196
388,26.0,-0.8563205709794179,-0.359384710643801,-0.3243685849739868,-0.4557046558365976,-0.3878011028515483,1.6219833948601288,-0.4619682176798977,-0.4976433490174631,0.7735590309066196
389,22.0,0.3209353435276921,0.3704107797763724,0.1958952665391177,-0.1601185486537512,-0.3151853235361328,1.6219833948601288,-0.4619682176798977,-0.4976433490174631,0.7735590309066196
390,32.0,-0.8563205709794179,-0.4746155775522495,-0.2203158146713659,-0.3611171015380867,-0.6056484407977952,1.6219833948601288,-0.4619682176798977,2.009471244766718,-1.292726165743277
391,36.0,-0.8563205709794179,-0.5610387277335858,-0.5324741255792287,-0.7099087080138454,-0.932419447717166,1.6219833948601288,-0.4619682176798977,-0.4976433490174631,0.7735590309066196
392,27.0,-0.8563205709794179,-0.4073975718556545,-0.3763949701252972,-0.0241489393496419,0.628819807564272,1.6219833948601288,-0.4619682176798977,-0.4976433490174631,0.7735590309066196
393,27.0,-0.8563205709794179,-0.5130258665217323,-0.4804477404279182,-0.2133240479466636,0.011585683383238,1.6219833948601288,-0.4619682176798977,-0.4976433490174631,0.7735590309066196
394,44.0,-0.8563205709794179,-0.9259364729436724,-1.364896288000196,-0.993671370909378,3.279295752576946,1.6219833948601288,2.164651077128664,-0.4976433490174631,-1.292726165743277
395,32.0,-0.8563205709794179,-0.5610387277335858,-0.5324741255792287,-0.7985845401686993,-1.4407299029250762,1.6219833948601288,-0.4619682176798977,-0.4976433490174631,0.7735590309066196
396,28.0,-0.8563205709794179,-0.7050773113691463,-0.6625400884575048,-0.4084108786873421,1.1008223731144744,1.6219833948601288,-0.4619682176798977,-0.4976433490174631,0.7735590309066196
397,31.0,-0.8563205709794179,-0.714679883611517,-0.5845005107305391,-0.2960881579578606,1.3912854903761362,1.6219833948601288,-0.4619682176798977,-0.4976433490174631,0.7735590309066196
